{"wsj0|2": [[1784249901.7911556, 100]], "wsj0|3": [[1784250477.72367, 100]], "wsj0|4": [[1784250589.0461986, 20], [1784250694.0267491, 40], [1784250797.6177855, 60], [1784250907.7129939, 80], [1784251005.265169, 100]], "wsj0|5": [[1784251205.1376178, 20], [1784251395.1282258, 40], [1784251592.846004, 60], [1784251780.038038, 80], [1784251966.726947, 100]], "libri|2": [[1784252003.5995383, 40], [1784252022.4678109, 60], [1784252063.59218, 100]], "libri|3": [[1784252105.3097017, 20], [1784252151.0779138, 40], [1784252193.2018757, 60], [1784252237.4724383, 80], [1784252281.8868933, 100]], "libri|4": [[1784252384.425201, 20], [1784252475.6178467, 40], [1784252572.3183427, 60], [1784252672.3652089, 80], [1784252764.2797272, 100]], "libri|5": [[1784252948.387669, 20], [1784253114.1912093, 40], [1784253269.096175, 60], [1784253421.882197, 80], [1784253579.2868805, 100]]}